,City,Cloudiness,Country,Date,Humidity,Temp,Lat,Lng,Wind Speed,Sunrise,Sunset
0,yeppoon,33,AU,1581917221,52,91.4,-23.13,150.73,10.29,1581882371,1581928585
1,victoria,0,HK,1581917221,35,61.0,22.29,114.16,10.29,1581893662,1581934847
2,saint-georges,20,GD,1581917222,83,77.0,12.06,-61.75,9.17,1581935293,1581977649
3,asilah,75,MA,1581917222,100,50.0,35.47,-6.03,4.7,1581923366,1581962831
4,hasaki,20,JP,1581917222,36,61.0,35.73,140.83,14.99,1581888166,1581927541
5,busselton,0,AU,1581917222,19,82.0,-33.65,115.33,4.07,1581890126,1581937821
6,rikitea,100,PF,1581917222,81,79.38,-23.12,-134.97,19.37,1581864532,1581910761
7,pandan,54,PH,1581917223,73,80.64,14.05,124.17,16.71,1581890791,1581932912
8,soyo,100,AO,1581917223,83,79.21,-6.13,12.37,0.54,1581916559,1581960807
9,airai,100,TL,1581917223,83,78.22,-8.93,125.41,3.38,1581889277,1581933832
10,lucapa,97,AO,1581917224,94,68.7,-8.42,20.74,1.48,1581914428,1581958920
11,thompson,90,CA,1581917224,76,-9.4,55.74,-97.86,2.24,1581861287,1581896193
12,vaini,40,TO,1581917224,69,80.6,-21.2,-175.2,14.99,1581960743,1582006652
13,tiksi,100,RU,1581917224,93,-3.77,71.69,128.87,5.66,1581898169,1581923279
14,port elizabeth,20,ZA,1581917224,77,69.8,-33.92,25.57,19.46,1581911661,1581959369
15,ushuaia,40,AR,1581917224,81,44.6,-54.8,-68.3,4.7,1581931823,1581984263
16,buchanan,90,LR,1581917225,94,77.0,5.88,-10.05,2.86,1581922564,1581965563
17,barmer,7,IN,1581917225,7,85.17,25.75,71.38,7.36,1581904135,1581944907
18,jamestown,1,US,1581917225,92,30.99,42.1,-79.24,8.05,1581941468,1581979869
19,hermanus,96,ZA,1581917032,93,64.0,-34.42,19.23,1.01,1581913144,1581960929
20,ancud,54,CL,1581917226,93,46.4,-41.87,-73.82,2.24,1581934830,1581983905
21,lompoc,1,US,1581917226,87,55.0,34.64,-120.46,9.17,1581864411,1581903918
22,saint-philippe,49,RE,1581917227,58,82.4,-21.36,55.77,11.41,1581905281,1581951254
23,naze,75,JP,1581917227,62,55.4,28.37,129.48,16.11,1581890366,1581930789
24,ketchikan,40,US,1581917227,100,39.2,55.34,-131.65,5.82,1581869319,1581904380
25,mataura,33,NZ,1581917228,87,60.01,-46.19,168.86,8.99,1581876062,1581926192
26,guerrero negro,80,MX,1581917228,71,61.23,27.98,-114.06,9.08,1581862406,1581902850
27,upernavik,100,GL,1581917228,89,1.87,72.79,-56.15,5.1,1581943129,1581967124
28,faanui,80,PF,1581917228,74,82.99,-16.48,-151.75,14.29,1581868967,1581914380
29,cabo san lucas,40,MX,1581917228,45,70.0,22.89,-109.91,11.41,1581861089,1581902175
30,qaanaaq,78,GL,1581917229,48,-0.96,77.48,-69.36,4.83,1581952009,1581964586
31,atuona,20,PF,1581917229,78,81.36,-9.8,-139.03,21.47,1581866292,1581910950
32,cape town,75,ZA,1581917136,93,66.99,-33.93,18.42,8.05,1581913377,1581961085
33,swan hill,0,AU,1581917229,27,95.0,-35.34,143.55,8.01,1581883211,1581931190
34,bluff,64,NZ,1581917229,87,60.01,-46.6,168.33,8.99,1581876140,1581926368
35,butaritari,12,KI,1581917230,75,83.57,3.07,172.79,17.05,1581878541,1581921826
36,bethel,75,US,1581917183,86,39.99,41.37,-73.41,4.16,1581940005,1581978534
37,kokopo,67,PG,1581917230,75,84.99,-4.35,152.26,19.19,1581883078,1581927143
38,tuktoyaktuk,20,CA,1581917230,74,-23.8,69.45,-133.04,17.22,1581873487,1581900879
39,port moresby,40,PG,1581917230,66,91.4,-9.44,147.18,20.8,1581884024,1581928636
40,yellandu,0,IN,1581917230,30,89.15,17.6,80.33,2.89,1581901506,1581943240
41,boshnyakovo,100,RU,1581917231,92,14.63,49.63,142.17,10.85,1581889176,1581925888
42,albany,20,US,1581917231,73,32.0,42.6,-73.97,4.97,1581940250,1581978557
43,qasigiannguit,100,GL,1581917231,65,8.6,68.82,-51.19,4.7,1581939747,1581968126
44,new norfolk,20,AU,1581917231,42,66.99,-42.78,147.06,17.22,1581881678,1581931039
45,avarua,100,CK,1581917231,88,80.6,-21.21,-159.78,8.05,1581870610,1581916591
46,hilo,90,US,1581917215,64,73.4,19.73,-155.09,9.17,1581871740,1581913210
47,klaksvik,42,FO,1581917232,80,41.0,62.23,-6.59,12.75,1581926956,1581959510
48,longyearbyen,0,SJ,1581917095,70,1.62,78.22,15.64,4.41,1581934134,1581941662
49,ponta do sol,40,PT,1581917232,63,64.4,32.67,-17.1,6.93,1581925816,1581965695
50,esperance,75,AU,1581917232,46,69.8,-33.87,121.9,17.22,1581888531,1581936263
51,kozlovo,100,RU,1581917232,85,36.73,56.52,36.27,17.36,1581915539,1581950355
52,gardez,0,AF,1581917233,48,30.72,33.6,69.23,0.27,1581905178,1581944896
53,nhulunbuy,40,AU,1581917233,63,91.4,-12.23,136.77,14.99,1581886369,1581931287
54,kapaa,20,US,1581917233,73,77.0,22.08,-159.32,19.46,1581872894,1581914087
55,barrow,1,US,1581917233,82,-38.2,71.29,-156.79,9.17,1581880150,1581905615
56,sao filipe,0,CV,1581917233,74,69.93,14.9,-24.5,19.37,1581926508,1581968555
57,kaitangata,35,NZ,1581917234,92,57.0,-46.28,169.85,8.99,1581875813,1581925965
58,saint george,1,US,1581917163,42,48.99,37.1,-113.58,8.05,1581862953,1581902073
59,atbasar,97,KZ,1581917234,93,14.32,51.8,68.33,7.47,1581907150,1581943356
60,ihosy,73,MG,1581917234,79,70.81,-22.4,46.12,12.26,1581907533,1581953633
61,blackfoot,1,US,1581917234,92,32.0,43.19,-112.34,24.16,1581863191,1581901240
62,grindavik,75,IS,1581917235,80,33.8,63.84,-22.43,31.09,1581931162,1581962906
63,arraial do cabo,33,BR,1581917136,89,77.43,-22.97,-42.03,20.18,1581928662,1581974815
64,zyryanka,0,RU,1581917235,89,-14.22,65.75,150.85,6.44,1581890245,1581920653
65,geraldton,0,AU,1581917235,35,89.6,-28.77,114.6,21.92,1581890667,1581937631
66,vostok,100,RU,1581917235,94,16.79,46.49,135.88,7.14,1581890325,1581927758
67,nemuro,75,JP,1581917236,86,26.6,43.32,145.57,10.29,1581887680,1581925752
68,ngunguru,79,NZ,1581917236,83,78.01,-35.62,174.5,5.01,1581875755,1581923791
69,kodiak,90,US,1581917236,93,32.0,57.79,-152.41,4.7,1581874715,1581908948
70,talnakh,75,RU,1581917236,85,10.4,69.49,88.4,22.37,1581906653,1581934220
71,labytnangi,100,RU,1581917236,98,-0.74,66.66,66.42,5.21,1581910763,1581940660
72,saskylakh,99,RU,1581917237,96,-6.66,71.92,114.08,9.08,1581901851,1581926696
73,pangnirtung,100,CA,1581917237,87,-22.54,66.15,-65.71,3.38,1581942217,1581972626
74,havoysund,75,NO,1581917237,80,33.8,71.0,24.66,9.17,1581922676,1581948791
75,sola,55,VU,1581917237,80,83.64,-13.88,167.55,15.35,1581878887,1581923995
76,dikson,100,RU,1581917237,92,10.47,73.51,80.55,20.76,1581911023,1581933618
77,nizwa,12,OM,1581917237,18,69.53,22.93,57.53,3.71,1581907285,1581948405
78,baghdad,40,IQ,1581917100,93,51.8,33.34,44.4,8.05,1581911114,1581950878
79,atasu,100,KZ,1581917238,92,18.59,48.68,71.64,11.05,1581905969,1581942948
80,hobart,20,AU,1581917238,42,66.99,-42.88,147.33,17.22,1581881602,1581930985
81,ostrovnoy,100,RU,1581917238,91,32.41,68.05,39.51,38.16,1581917725,1581946614
82,igbo ora,48,NG,1581917238,95,70.36,7.43,3.28,2.48,1581919446,1581962283
83,padilla,40,CO,1581917238,78,73.4,3.22,-76.31,6.93,1581938327,1581981603
84,mombaca,100,BR,1581917239,95,71.65,-5.74,-39.63,3.53,1581929060,1581973264
85,chernyshevskiy,57,RU,1581917239,90,5.14,63.01,112.47,5.86,1581898638,1581930681
86,nouadhibou,100,MR,1581917239,41,75.2,20.93,-17.03,10.29,1581925054,1581966423
87,nizhniy baskunchak,0,RU,1581917240,84,30.16,48.22,46.83,5.19,1581911863,1581948962
88,vanavara,84,RU,1581917240,86,13.71,60.34,102.28,7.11,1581900450,1581933760
89,itarema,84,BR,1581917240,95,75.07,-2.92,-39.92,2.68,1581929277,1581973187
90,codrington,0,AU,1581917240,85,64.67,-38.27,141.97,8.55,1581883337,1581931823
91,norman wells,5,CA,1581917240,64,-45.4,65.28,-126.83,3.36,1581870387,1581900999
92,pilar,20,BR,1581917139,94,77.0,-9.6,-35.96,3.36,1581927974,1581972589
93,provideniya,98,RU,1581917241,93,-3.86,64.38,-173.3,13.44,1581967436,1581999047
94,wau,50,SS,1581917241,26,79.45,7.7,28.0,5.03,1581913528,1581956336
95,punta arenas,40,CL,1581917241,75,42.8,-53.15,-70.92,8.05,1581932726,1581984617
96,murray bridge,0,AU,1581917242,45,86.0,-35.12,139.27,3.0,1581884257,1581932198
97,ostersund,74,SE,1581917242,69,33.8,63.18,14.64,13.87,1581922110,1581954166
98,apastovo,90,RU,1581917242,92,26.6,55.2,48.51,11.18,1581912391,1581947628
99,chokurdakh,93,RU,1581917243,97,-1.32,70.63,147.92,8.14,1581892995,1581919310
100,korla,31,CN,1581917243,43,24.69,41.76,86.15,4.56,1581901782,1581940171
101,saldanha,18,ZA,1581917244,93,64.4,-33.01,17.94,5.82,1581913565,1581961128
102,bloomingdale,90,US,1581917084,100,71.01,27.89,-82.24,4.7,1581941119,1581981658
103,pevek,100,RU,1581917245,99,-22.94,69.7,170.31,6.69,1581887160,1581914398
104,carnarvon,0,AU,1581917226,58,82.4,-24.87,113.63,20.8,1581891165,1581937597
105,aljezur,29,PT,1581917044,99,55.0,37.32,-8.8,1.01,1581924173,1581963354
106,sinazongwe,66,ZM,1581917246,88,75.15,-17.26,27.46,5.08,1581912323,1581957800
107,khani,0,GE,1581917246,92,26.6,41.96,42.96,2.24,1581912155,1581950528
108,murzzuschlag,81,AT,1581917246,88,41.0,47.6,15.68,1.01,1581919261,1581956516
109,korhogo,0,CI,1581917246,11,63.72,9.45,-5.63,2.95,1581921689,1581964316
110,tezu,95,IN,1581917247,41,75.96,27.92,96.17,2.51,1581898327,1581938816
111,banes,5,CU,1581917247,88,73.4,20.96,-75.72,6.93,1581939135,1581980512
112,sao goncalo do sapucai,73,BR,1581917247,96,64.08,-21.89,-45.6,6.64,1581929586,1581975604
113,faya,0,SA,1581917247,38,64.4,18.39,42.45,6.93,1581910639,1581952289
114,luderitz,0,NA,1581917248,93,60.8,-26.65,15.16,4.7,1581914691,1581961336
115,castro,70,BR,1581917248,93,63.86,-24.79,-50.01,3.2,1581930461,1581976845
116,komsomolskiy,100,UZ,1581917249,44,41.0,40.43,71.72,2.24,1581905123,1581943755
117,malaya serdoba,97,RU,1581917249,89,23.41,52.47,44.95,15.95,1581912844,1581948884
118,peto,1,MX,1581917250,98,66.85,20.13,-88.92,2.98,1581855889,1581897300
119,honiara,75,SB,1581917069,66,86.0,-9.43,159.95,9.17,1581880959,1581925571
120,fortuna,90,US,1581917250,100,50.0,40.6,-124.16,6.93,1581865785,1581904319
121,mahanje,85,TZ,1581917250,86,73.62,-9.93,35.33,1.45,1581910845,1581955501
122,qinhuangdao,0,CN,1581917250,28,35.1,39.93,119.59,9.84,1581893602,1581932300
123,bubaque,71,GW,1581917251,67,78.44,11.28,-15.83,9.91,1581924233,1581966668
124,rabat,90,MA,1581917013,100,57.0,33.99,-6.84,4.7,1581923450,1581963136
125,fez,0,MA,1581917252,61,46.4,34.04,-5.0,10.29,1581923013,1581962690
126,beringovskiy,99,RU,1581917252,93,-3.78,63.05,179.32,22.1,1581882640,1581914593
127,la ronge,90,CA,1581917252,77,1.4,55.1,-105.28,3.36,1581862962,1581898080
128,sorong,54,ID,1581917252,66,86.68,-0.88,131.25,7.18,1581888303,1581932003
129,innisfail,2,AU,1581917253,70,86.81,-17.53,146.03,10.78,1581883842,1581929369
130,isangel,79,VU,1581917253,62,86.0,-19.55,169.27,6.93,1581878142,1581923914
131,marsabit,26,KE,1581917253,64,78.64,2.33,37.99,24.47,1581910851,1581954217
132,horta,98,PT,1581917253,64,52.03,38.53,-28.63,8.61,1581929026,1581968019
133,okha,1,RU,1581917253,90,1.13,53.57,142.95,7.99,1581889513,1581925176
134,arrecife,18,ES,1581917253,82,64.4,28.96,-13.55,10.29,1581924712,1581965095
135,georgetown,20,MY,1581917236,70,89.01,5.41,100.34,9.17,1581896049,1581939093
136,khandyga,100,RU,1581917254,93,-6.43,62.67,135.6,1.39,1581893012,1581925206
137,hukuntsi,90,BW,1581917254,60,76.77,-24.0,21.75,14.5,1581913283,1581959581
138,dunedin,48,NZ,1581917254,78,64.99,-45.87,170.5,8.01,1581875705,1581925761
139,lebu,53,CL,1581917255,92,53.73,-37.62,-73.65,4.18,1581935183,1581983470
140,hobyo,59,SO,1581917255,63,80.47,5.35,48.53,18.16,1581908479,1581951531
141,marsa matruh,40,EG,1581917255,76,55.4,31.35,27.25,6.93,1581915087,1581955136
142,baturaja,63,ID,1581916970,56,89.49,-4.13,104.17,3.67,1581894631,1581938672
143,manta,90,EC,1581917255,88,80.6,-0.95,-80.73,2.24,1581939173,1581982879
144,zelenoborsk,60,RU,1581917255,94,12.15,61.47,64.03,8.14,1581909863,1581942707
145,nikolskoye,90,RU,1581917256,87,42.8,59.7,30.79,13.42,1581917441,1581951083
146,mackay,6,AU,1581917256,70,88.0,-21.15,149.2,11.41,1581882863,1581928827
147,waw,50,SS,1581917241,26,79.45,7.7,28.0,5.03,1581913528,1581956336
148,taoudenni,65,ML,1581917256,18,64.38,22.68,-3.98,6.08,1581922026,1581963188
149,tasiilaq,100,GL,1581917256,92,28.4,65.61,-37.64,2.24,1581935323,1581966046
150,poso,87,ID,1581917256,71,76.03,-1.4,120.75,3.91,1581890795,1581934550
151,kumi,75,KR,1581917257,46,32.0,36.11,128.34,9.17,1581891191,1581930511
152,hovd,55,MN,1581917257,48,9.18,48.01,91.64,4.47,1581901098,1581938220
153,kunashak,0,RU,1581917257,84,8.6,55.7,61.55,8.95,1581909346,1581944414
154,khatanga,99,RU,1581917257,92,9.01,71.97,102.5,14.5,1581904651,1581929454
155,verkhoyansk,100,RU,1581917258,97,-4.86,67.54,133.38,2.1,1581895060,1581924223
156,vestmannaeyjar,96,IS,1581917258,70,40.15,63.44,-20.27,27.13,1581930538,1581962494
157,jieshi,8,CN,1581917258,36,59.0,22.81,115.83,1.99,1581893292,1581934415
158,amarillo,1,US,1581917129,34,55.99,35.22,-101.83,12.75,1581859987,1581899399
159,bambous virieux,40,MU,1581917258,65,82.4,-20.34,57.76,9.17,1581904866,1581950714
160,champerico,0,GT,1581917258,76,75.09,14.3,-91.92,6.53,1581856277,1581898353
161,port alfred,97,ZA,1581917259,85,71.01,-33.59,26.89,7.0,1581911370,1581959026
162,hithadhoo,19,MV,1581917259,73,83.98,-0.6,73.08,8.81,1581902278,1581945948
163,adrar,100,MR,1581917259,17,68.32,20.5,-10.07,11.27,1581923359,1581964777
164,yellowknife,20,CA,1581917044,74,-26.0,62.46,-114.35,8.05,1581866603,1581898792
165,deputatskiy,92,RU,1581917259,94,-5.03,69.3,139.9,2.55,1581894244,1581921910
166,tautira,20,PF,1581917259,66,84.2,-17.73,-149.15,3.36,1581868269,1581913829
167,katsuura,20,JP,1581917260,76,61.0,35.13,140.3,11.41,1581888248,1581927714
168,paeroa,97,NZ,1581917260,61,77.0,-37.37,175.67,6.93,1581875323,1581923661
169,soe,63,ID,1581917260,65,87.33,-9.86,124.28,6.13,1581889497,1581934153
170,kruisfontein,85,ZA,1581917260,70,69.37,-34.0,24.73,18.92,1581911856,1581959577
171,languyan,4,PH,1581917261,79,81.72,5.26,120.08,16.78,1581891304,1581934363
172,susanville,1,US,1581917002,69,39.2,40.42,-120.65,3.36,1581864928,1581903492
173,gushikawa,90,JP,1581917261,50,59.0,26.35,127.87,20.8,1581890622,1581931306
174,bredasdorp,15,ZA,1581917261,82,66.2,-34.53,20.04,8.05,1581912940,1581960744
175,launceston,0,AU,1581917261,21,73.99,-41.45,147.17,3.36,1581881787,1581930877
176,hervey bay,40,AU,1581917261,62,90.0,-25.3,152.85,11.41,1581881720,1581928218
177,kaeo,73,NZ,1581917262,79,80.01,-35.1,173.78,9.04,1581875971,1581923921
178,lensk,100,RU,1581917262,91,9.81,60.73,114.93,10.67,1581897505,1581930634
179,port keats,12,AU,1581917262,56,92.88,-14.25,129.55,10.83,1581887988,1581933133
180,clinton,1,US,1581917262,68,32.0,42.59,-82.92,5.82,1581942395,1581980708
181,mount isa,0,AU,1581917262,15,104.0,-20.73,139.5,11.41,1581885217,1581931128
182,pittsburg,1,US,1581917024,76,54.0,38.03,-121.88,3.11,1581865019,1581903991
183,caravelas,41,BR,1581917263,80,80.29,-17.71,-39.25,9.17,1581928312,1581973830
184,hamilton,1,US,1581917263,100,36.0,39.18,-84.53,3.36,1581942484,1581981392
185,kondinskoye,0,RU,1581917263,93,14.04,59.65,67.41,6.46,1581908659,1581942289
186,shakhtinsk,40,KZ,1581917264,85,17.6,49.71,72.59,13.42,1581905864,1581942597
187,marinette,90,US,1581917264,60,15.8,45.1,-87.63,4.79,1581857457,1581895113
188,angermunde,100,DE,1581917264,73,51.01,53.02,14.0,17.56,1581920338,1581956245
189,camacha,40,PT,1581917264,67,64.4,33.08,-16.33,3.36,1581925661,1581965480
190,meadow lake,1,US,1581917264,43,50.0,34.8,-106.54,7.2,1581861084,1581900562
191,coari,23,BR,1581917264,97,73.98,-4.08,-63.14,1.23,1581934790,1581978819
192,sinop,5,TR,1581917265,86,33.8,41.77,34.87,3.36,1581914078,1581952488
193,egvekinot,96,RU,1581917265,92,-18.83,66.32,-179.17,14.12,1581969432,1581999869
194,placerville,83,US,1581917265,61,55.4,38.73,-120.8,6.93,1581864818,1581903673
195,constitucion,0,CL,1581917265,90,53.51,-35.33,-72.42,4.9,1581935081,1581982982
196,sumoto,40,JP,1581917265,45,51.01,34.35,134.9,28.86,1581889484,1581929070
197,neuquen,17,AR,1581917266,40,71.6,-38.95,-68.06,2.24,1581933723,1581982248
198,vestmanna,71,FO,1581917266,80,41.0,62.16,-7.17,12.75,1581927078,1581959666
199,bang saphan,20,TH,1581917266,62,89.6,11.21,99.51,8.05,1581896555,1581938985
200,praia da vitoria,75,PT,1581917267,66,55.4,38.73,-27.07,9.35,1581928668,1581967628
201,totness,28,SR,1581917267,81,79.38,5.88,-56.32,15.86,1581933667,1581976669
202,pochutla,75,MX,1581917267,88,80.6,15.74,-96.47,4.7,1581857449,1581899365
203,ribeira grande,98,PT,1581917267,64,52.03,38.52,-28.7,8.61,1581929042,1581968037
204,manado,40,ID,1581917200,59,91.4,1.49,124.85,11.41,1581889963,1581933415
205,portobelo,40,PA,1581917268,69,80.6,9.55,-79.65,4.7,1581939456,1581982078
206,formosa,50,AR,1581917268,94,75.2,-26.18,-58.18,5.82,1581932332,1581978896
207,san patricio,95,MX,1581917268,73,77.11,19.22,-104.7,9.19,1581859622,1581901142
208,ambilobe,65,MG,1581917268,76,84.47,-13.2,49.05,0.13,1581907372,1581952388
209,miranda,40,CO,1581917268,78,73.4,3.25,-76.23,6.93,1581938309,1581981583
210,clyde river,90,CA,1581917269,75,-18.4,70.47,-68.59,4.7,1581944689,1581971535
211,marawi,59,PH,1581917269,90,79.0,8.0,124.29,5.01,1581890438,1581933208
212,souillac,40,MU,1581917269,65,82.4,-20.52,57.52,9.17,1581904912,1581950782
213,inhambane,20,MZ,1581917269,78,78.8,-23.86,35.38,2.33,1581910019,1581956302
214,palmer,1,US,1581917269,86,30.99,42.16,-72.33,2.48,1581939817,1581978203
215,lagoa,84,PT,1581917270,55,55.45,39.05,-27.98,7.85,1581928913,1581967820
216,lubao,75,PH,1581917270,52,89.6,14.92,120.55,9.17,1581891708,1581933734
217,outjo,100,NA,1581917270,88,66.2,-20.12,16.15,1.12,1581914869,1581960683
218,kirya,11,TZ,1581917270,67,77.45,-3.92,37.48,2.86,1581910648,1581954665
219,namatanai,72,PG,1581917270,76,84.69,-3.67,152.43,18.68,1581883073,1581927067
220,derbent,100,RU,1581917270,76,43.05,42.07,48.29,2.86,1581910887,1581949237
221,rio gallegos,20,AR,1581917271,66,42.8,-51.62,-69.22,12.75,1581932552,1581983976
222,portales,1,US,1581917271,40,53.6,34.19,-103.33,17.22,1581860268,1581899838
223,niquero,0,CU,1581917271,83,70.02,20.04,-77.58,5.61,1581939528,1581981011
224,parana,3,AR,1581917125,92,77.0,-31.73,-60.52,13.0,1581932504,1581979848
225,warmbad,92,NA,1581917271,46,67.51,-28.45,18.73,2.06,1581913710,1581960603
226,halifax,90,CA,1581917070,98,33.01,44.65,-63.57,8.25,1581937952,1581975864
227,port hedland,0,AU,1581917272,63,93.2,-20.32,118.57,13.87,1581890268,1581936124
228,sur,3,OM,1581917104,33,74.19,22.57,59.53,10.85,1581906784,1581947946
229,moshupa,51,BW,1581917272,78,71.6,-24.78,25.42,6.93,1581912351,1581958751
230,portland,90,US,1581917053,70,44.6,45.52,-122.68,9.17,1581865903,1581903490
231,namibe,100,AO,1581917273,79,74.28,-15.2,12.15,9.13,1581916117,1581961354
232,yanam,20,IN,1581917273,61,82.4,16.73,82.22,10.29,1581901004,1581942835
233,haverfordwest,73,GB,1581917273,70,46.4,51.8,-4.97,38.03,1581924718,1581960970
234,yumen,64,CN,1581917273,21,34.45,40.28,97.2,14.54,1581899001,1581937648
235,puerto baquerizo moreno,49,EC,1581917273,88,78.42,-0.9,-89.6,9.84,1581854906,1581898610
236,port hardy,75,CA,1581917274,86,39.2,50.7,-127.42,13.87,1581867639,1581904030
237,pangoa,100,PE,1581916984,99,69.8,-12.12,-73.0,2.26,1581936729,1581981613
238,manaus,4,BR,1581917274,83,80.6,-3.1,-60.02,3.36,1581934092,1581978020
239,celestun,28,MX,1581917275,79,76.8,20.87,-90.4,17.63,1581856288,1581897612
240,ilebo,100,CD,1581917275,96,72.45,-4.32,20.58,2.3,1581914684,1581958741
241,matagami,49,CA,1581917275,82,-18.4,49.75,-77.63,3.15,1581941876,1581978688
242,malysheva,75,RU,1581917276,92,14.0,57.12,61.4,4.47,1581909621,1581944211
243,narsaq,24,GL,1581917276,51,14.0,60.92,-46.05,3.36,1581936105,1581969301
244,kirakira,94,SB,1581917104,76,83.19,-10.45,161.92,8.46,1581880430,1581925154
245,mar del plata,40,AR,1581917010,88,69.01,-38.0,-57.56,13.87,1581931286,1581979645
246,carballo,20,ES,1581917276,87,54.0,43.21,-8.69,8.05,1581924655,1581962819
247,yaan,37,NG,1581917276,59,70.0,7.38,8.57,5.39,1581918174,1581961016
248,srandakan,80,ID,1581917277,74,83.73,-7.94,110.25,10.36,1581892969,1581937416
249,batticaloa,52,LK,1581917277,64,83.26,7.71,81.69,9.73,1581900645,1581943448
250,ossora,46,RU,1581917277,74,-3.96,59.24,163.07,1.66,1581885660,1581919373
251,morant bay,20,JM,1581917277,78,77.0,17.88,-76.41,8.05,1581939126,1581980852
252,bathsheba,40,BB,1581917277,78,77.0,13.22,-59.52,16.11,1581934820,1581977052
253,leningradskiy,48,RU,1581917278,93,-22.81,69.38,178.42,3.65,1581885066,1581912599
254,barbacena,99,BR,1581917017,97,65.05,-21.23,-43.77,9.48,1581929187,1581975125
255,tecoanapa,0,MX,1581917278,82,74.68,16.52,-98.75,3.11,1581858040,1581899868
256,broken hill,0,AU,1581917278,14,92.5,-31.95,141.43,12.44,1581883990,1581931429
257,ukiah,1,US,1581917278,81,50.0,39.15,-123.21,3.6,1581865431,1581904217
258,ho chi minh city,40,VN,1581917260,55,89.6,10.75,106.67,5.82,1581894812,1581937291
259,touros,40,BR,1581917279,88,78.8,-5.2,-35.46,3.36,1581928088,1581972235
260,machala,99,EC,1581917279,78,76.77,-3.27,-79.97,1.43,1581938871,1581982816
261,otane,94,NZ,1581917279,61,78.01,-39.88,176.63,5.01,1581874863,1581923661
262,laguna,1,US,1581917279,71,55.4,38.42,-121.42,3.36,1581864941,1581903848
263,kailua,75,US,1581917011,60,75.2,21.4,-157.74,11.41,1581872474,1581913748
264,bengkulu,46,ID,1581917035,53,87.91,-3.8,102.27,6.4,1581895105,1581939111
265,alakurtti,100,RU,1581917280,94,28.99,66.97,30.35,11.01,1581919506,1581949229
266,teruel,27,ES,1581917280,93,48.2,40.67,-0.67,2.24,1581922502,1581961123
267,hami,100,CN,1581917280,34,27.36,42.8,93.45,4.61,1581900127,1581938321
268,aswan,60,EG,1581917281,52,57.4,24.09,32.91,7.18,1581913261,1581954246
269,qaqortoq,39,GL,1581917281,51,14.0,60.72,-46.03,3.36,1581936057,1581969339
270,sioux lookout,90,CA,1581917281,58,1.4,50.1,-91.92,3.36,1581859054,1581895576
271,tuatapere,73,NZ,1581917281,87,60.01,-46.13,167.68,8.99,1581876352,1581926468
272,beloha,0,MG,1581917281,48,87.01,-25.17,45.05,13.04,1581907612,1581954068
273,ruidoso,1,US,1581917281,26,52.0,33.33,-105.67,6.93,1581860766,1581900463
274,parabel,100,RU,1581917282,93,19.24,58.7,81.48,7.65,1581905100,1581939094
275,glen allen,40,US,1581917282,75,46.4,37.67,-77.51,3.74,1581940678,1581979828
276,puerto ayora,26,EC,1581917282,87,77.07,-0.74,-90.35,3.91,1581855095,1581898781
277,kenora,75,CA,1581917096,50,6.8,49.82,-94.43,9.17,1581859620,1581896214
278,hambantota,40,LK,1581917283,74,86.0,6.12,81.12,19.46,1581900698,1581943668
279,caruray,20,PH,1581917283,49,93.2,10.31,119.01,16.11,1581891828,1581934353
280,sabha,0,LY,1581917283,77,47.57,27.04,14.43,9.84,1581917877,1581958500
281,krasnovka,0,RU,1581917283,87,26.87,48.82,40.09,6.53,1581913548,1581950512
282,ranong,20,TH,1581917283,52,93.2,9.97,98.63,6.93,1581896700,1581939263
283,bethlehem,98,BR,1581917284,94,75.2,-1.46,-48.5,3.36,1581931412,1581975170
284,dudinka,75,RU,1581917284,85,10.4,69.41,86.18,22.37,1581907147,1581934792
285,berezovyy,0,RU,1581917284,65,19.33,51.67,135.7,2.68,1581890986,1581927183
286,kuznechnoye,100,RU,1581917284,89,42.01,61.12,29.87,16.78,1581917965,1581951001
287,woodward,1,US,1581917284,93,44.6,36.43,-99.39,9.17,1581859496,1581898719
288,kalmunai,78,LK,1581917284,73,79.68,7.42,81.82,13.58,1581900599,1581943432
289,camocim,100,BR,1581917285,98,73.87,-2.9,-40.84,3.29,1581929499,1581973407
290,yar-sale,98,RU,1581917285,96,3.85,66.83,70.83,11.61,1581909767,1581939538
291,sao paulo de olivenca,69,BR,1581917285,96,74.05,-3.38,-68.87,1.39,1581936201,1581980158
292,ovre ardal,90,NO,1581917285,95,32.0,61.32,7.8,29.97,1581923296,1581956263
293,basco,78,PH,1581917285,81,69.44,20.45,121.97,30.51,1581891680,1581933080
294,pacific grove,90,US,1581917187,87,54.0,36.62,-121.92,15.95,1581864914,1581904115
295,nome,90,US,1581917286,78,12.2,64.5,-165.41,11.41,1581879386,1581910518
296,maraa,79,BR,1581917286,88,75.47,-1.83,-65.37,1.79,1581935441,1581979238
297,kavieng,31,PG,1581917286,75,84.42,-2.57,150.8,11.79,1581883522,1581927400
298,east london,20,ZA,1581917286,83,71.6,-33.02,27.91,17.22,1581911169,1581958737
299,trier,75,DE,1581917287,93,45.0,49.76,6.64,9.17,1581921678,1581958438
300,santa maria,64,BR,1581917287,92,72.34,-29.68,-53.81,6.91,1581931042,1581978089
301,lasa,75,IT,1581917287,68,36.0,46.62,10.7,6.11,1581920348,1581957819
302,burnie,6,AU,1581917287,51,66.0,-41.07,145.92,11.01,1581882125,1581931139
303,beroroha,19,MG,1581917287,54,83.89,-21.67,45.17,10.6,1581907807,1581953816
304,cherskiy,95,RU,1581917287,92,-23.93,68.75,161.3,8.43,1581888876,1581917006
305,makakilo city,20,US,1581917288,64,75.2,21.35,-158.09,8.05,1581872555,1581913835
306,port hueneme,1,US,1581917288,81,55.4,34.15,-119.2,2.37,1581864071,1581903652
307,kununurra,18,AU,1581917288,39,98.6,-15.77,128.73,9.17,1581888098,1581933417
308,karagaylinskiy,100,RU,1581917288,90,24.57,54.17,86.55,8.19,1581903118,1581938643
309,wageningen,17,NL,1581917289,75,46.0,51.97,5.67,16.11,1581922191,1581958391
310,monduli,20,TZ,1581917225,88,64.4,-3.3,36.45,3.85,1581910928,1581954880
311,sharya,100,RU,1581917289,90,31.87,58.37,45.51,14.92,1581913655,1581947805
312,inuvik,5,CA,1581917277,67,-23.8,68.35,-133.72,2.24,1581873156,1581901537
313,fairbanks,90,US,1581917132,70,-4.0,64.84,-147.72,3.13,1581875252,1581906161
314,suez,58,EG,1581917290,82,57.0,29.97,32.53,9.1,1581913727,1581953962
315,kirksville,20,US,1581917290,80,35.6,40.19,-92.58,8.05,1581858177,1581896770
316,george town,20,MY,1581917290,70,89.01,5.41,100.34,9.17,1581896049,1581939093
317,piacabucu,92,BR,1581917290,81,77.95,-10.41,-36.43,4.52,1581928044,1581972745
318,torbay,90,CA,1581917290,92,34.0,47.67,-52.73,14.99,1581935668,1581972945
319,iqaluit,75,CA,1581917203,67,-23.01,63.75,-68.51,3.36,1581942172,1581974014
320,lorengau,6,PG,1581917291,76,84.52,-2.02,147.27,12.82,1581884398,1581928218
321,grand gaube,40,MU,1581917291,65,82.4,-20.01,57.66,9.17,1581904910,1581950718
322,palmas bellas,52,PA,1581917291,78,78.8,9.23,-80.09,9.17,1581939545,1581982200
323,gourdon,100,FR,1581917291,87,53.01,44.75,1.5,6.76,1581922361,1581960222
324,aksu,72,CN,1581917292,45,34.63,41.12,80.26,3.09,1581903136,1581941643
325,nizhneangarsk,79,RU,1581917292,82,12.38,55.78,109.55,4.09,1581897858,1581932863
326,perigueux,100,FR,1581917292,81,53.6,45.18,0.72,2.24,1581922591,1581960366
327,kahului,40,US,1581917170,73,71.6,20.89,-156.47,17.22,1581872139,1581913473
328,devonport,0,AU,1581917292,49,68.0,-41.17,146.35,1.01,1581882012,1581931046
329,vila,75,PT,1581917293,93,54.0,42.03,-8.16,4.7,1581924419,1581962801
330,kenai,75,US,1581917014,71,17.01,60.55,-151.26,9.17,1581874995,1581908117
331,ilulissat,100,GL,1581917293,65,8.6,69.22,-51.1,4.7,1581939902,1581967928
332,mount vernon,90,US,1581917151,74,41.0,40.91,-73.84,6.17,1581940067,1581978677
333,severo-yeniseyskiy,84,RU,1581917294,89,16.57,60.37,93.04,1.9,1581902670,1581935976
334,cap malheureux,40,MU,1581917294,65,82.4,-19.98,57.61,9.17,1581904924,1581950728
335,maridi,86,SS,1581917294,36,85.39,4.92,29.47,5.82,1581913030,1581956128
336,brae,97,GB,1581917294,87,44.6,60.4,-1.35,31.09,1581925286,1581958665
337,salalah,0,OM,1581917294,56,73.4,17.02,54.09,3.36,1581907769,1581949572
338,trairi,88,BR,1581917295,95,73.53,-3.28,-39.27,1.43,1581929102,1581973049
339,mahebourg,40,MU,1581917295,65,82.4,-20.41,57.7,9.17,1581904876,1581950732
340,portree,17,GB,1581917295,83,46.0,57.41,-6.19,17.0,1581925866,1581960408
341,izmir,1,TR,1581917021,80,45.0,38.46,27.09,20.8,1581915659,1581954642
342,gandu,63,BR,1581917295,97,69.57,-13.74,-39.49,1.52,1581928595,1581973662
343,auki,100,SB,1581917296,84,81.72,-8.77,160.7,23.67,1581880815,1581925355
344,opunake,100,NZ,1581917296,70,72.0,-39.46,173.86,5.01,1581875568,1581924285
345,cayenne,75,GF,1581917296,78,78.8,4.93,-52.33,6.93,1581932660,1581975760
346,gat,20,IL,1581917135,87,55.4,31.61,34.76,2.24,1581913304,1581953315
347,asau,4,RO,1581917297,100,30.2,46.43,26.4,12.75,1581916564,1581954067
348,ixtapa,5,MX,1581917297,94,72.0,20.7,-105.2,2.24,1581859828,1581901175
349,sambava,71,MG,1581917297,58,88.0,-14.27,50.17,1.63,1581907043,1581952180
350,troy,1,US,1581917297,68,32.0,42.61,-83.15,5.82,1581942452,1581980761
351,meulaboh,0,ID,1581917297,74,81.97,4.14,96.13,1.32,1581896993,1581940169
352,avera,90,US,1581917298,96,48.2,33.19,-82.53,3.36,1581941545,1581981370
353,genhe,0,CN,1581917298,66,21.22,50.78,121.52,5.03,1581894269,1581930707
354,itaituba,70,BR,1581917298,98,72.34,-4.28,-55.98,1.07,1581933061,1581977111
355,ust-omchug,2,RU,1581917298,94,-13.16,61.15,149.63,3.02,1581889287,1581922196
356,golpayegan,23,IR,1581917299,49,37.2,33.45,50.29,3.4,1581909710,1581949455
357,lashio,0,MM,1581917299,22,82.38,22.93,97.75,4.72,1581897637,1581938748
358,bay city,1,US,1581917196,52,23.0,43.59,-83.89,9.17,1581942721,1581980848
359,piranhas,100,BR,1581917299,94,70.92,-16.43,-51.82,0.45,1581931403,1581976772
360,brokopondo,18,SR,1581917299,95,71.6,4.75,-55.17,4.63,1581933333,1581976451
361,rapid valley,1,US,1581917300,68,33.01,44.06,-103.15,3.89,1581861072,1581898947
362,half moon bay,75,US,1581917300,87,53.6,37.46,-122.43,6.93,1581865104,1581904170
363,whitehorse,75,CA,1581917262,68,-20.0,60.72,-135.05,2.24,1581871149,1581904182
364,heiligenhafen,42,DE,1581917286,82,46.0,54.37,10.98,8.99,1581921257,1581956775
365,sao joao da barra,100,BR,1581917300,85,77.67,-21.64,-41.05,15.28,1581928509,1581974497
366,tres arroyos,0,AR,1581917301,48,64.47,-38.37,-60.28,11.86,1581931906,1581980330
367,kayes,100,ML,1581917301,11,75.15,14.0,-11.0,3.49,1581923220,1581965363
368,suntar,100,RU,1581917302,90,14.04,62.14,117.63,8.55,1581897184,1581929659
369,omsukchan,0,RU,1581917302,97,-21.78,62.53,155.8,3.42,1581888139,1581920383
370,merauke,0,ID,1581917106,61,88.72,-8.47,140.33,9.62,1581885720,1581930227
371,empalme,100,MX,1581917302,63,63.0,27.97,-110.82,1.99,1581861629,1581902072
372,centerville,1,US,1581917193,80,33.01,39.63,-84.16,6.93,1581942433,1581981266
373,zaysan,97,KZ,1581917303,85,21.87,47.47,84.87,3.98,1581902660,1581939907
374,arcata,90,US,1581917081,93,50.0,40.87,-124.08,3.22,1581865790,1581904276
375,sept-iles,20,CA,1581917303,66,15.8,50.2,-66.38,6.93,1581939234,1581975930
376,port-gentil,100,GA,1581917303,82,80.94,-0.72,8.78,8.88,1581917703,1581961386
377,asosa,36,ET,1581917305,16,82.94,10.07,34.53,8.9,1581912086,1581954644
378,port jervis,90,US,1581917305,80,39.0,41.38,-74.69,5.53,1581940313,1581978840
379,mabaruma,30,GY,1581917305,99,71.85,8.2,-59.78,1.28,1581934617,1581977379
380,price,75,US,1581917079,60,39.2,39.6,-110.81,9.17,1581862497,1581901200
381,sebeta,20,ET,1581917305,66,55.4,8.92,38.62,1.12,1581911044,1581953722
382,poum,51,NC,1581917306,77,81.25,-20.23,164.02,18.54,1581879361,1581925215
383,livenka,43,RU,1581917306,86,26.71,50.45,38.3,15.21,1581914174,1581950746
384,mookane,85,BW,1581917306,72,74.57,-23.69,26.66,11.3,1581912124,1581958383
385,peachland,90,CA,1581917306,80,37.4,49.77,-119.74,11.41,1581865681,1581902302
386,bonavista,85,CA,1581917306,88,32.0,48.65,-53.11,11.01,1581935869,1581972925
387,kota belud,20,MY,1581917306,58,87.8,6.35,116.43,12.75,1581892237,1581935181
388,port blair,30,IN,1581917307,65,80.6,11.67,92.75,8.05,1581898201,1581940583
389,lae,79,PG,1581917307,49,91.4,-6.72,146.98,18.34,1581884219,1581928537
390,chapais,20,CA,1581917307,75,-16.6,49.78,-74.85,2.24,1581941213,1581978016
391,visby,75,SE,1581917308,86,43.0,57.64,18.3,21.92,1581920039,1581954480
392,benghazi,0,LY,1581917308,68,56.26,32.12,20.07,14.27,1581916863,1581956807
393,gaomi,75,CN,1581917099,50,37.0,36.38,119.75,15.66,1581893272,1581932553
394,corpus christi,90,US,1581917308,94,69.8,27.8,-97.4,14.99,1581858399,1581898861
395,tessalit,36,ML,1581917308,20,63.36,20.2,1.01,12.93,1581920684,1581962135
396,russell,90,US,1581917309,93,51.01,32.35,-85.2,4.43,1581855785,1581895619
397,strathpeffer,48,GB,1581917309,70,45.0,57.59,-4.54,32.21,1581925503,1581959979
398,kidal,62,ML,1581917309,21,64.92,18.44,1.41,15.97,1581920488,1581962139
399,khorol,99,UA,1581917309,68,33.57,49.78,33.28,17.25,1581915295,1581952035
400,kangaatsiaq,100,GL,1581917309,82,7.29,68.31,-53.46,5.59,1581940077,1581968886
401,hatfield,0,GB,1581917310,75,46.4,51.76,-0.22,18.34,1581923575,1581959834
402,kurchum,95,KZ,1581917310,80,20.23,48.57,83.65,2.73,1581903077,1581940075
403,saint joseph,20,US,1581917138,96,42.01,39.77,-94.85,3.36,1581858684,1581897352
404,carsamba,40,TR,1581917310,82,41.0,41.2,36.72,10.29,1581913583,1581952095
405,krasnoselkup,100,RU,1581917310,93,10.74,65.7,82.47,13.02,1581906598,1581937121
406,iquitos,72,PE,1581917310,94,75.2,-3.75,-73.25,0.45,1581937233,1581981228
407,gunnedah,90,AU,1581917311,100,66.2,-30.98,150.25,16.11,1581881945,1581929241
408,anadyr,100,RU,1581917311,63,-7.01,64.75,177.48,8.95,1581883557,1581914559
409,coolum beach,46,AU,1581917311,80,87.01,-26.53,153.1,4.0,1581881577,1581928240
410,demyansk,100,RU,1581917311,83,39.13,57.64,32.47,17.72,1581916645,1581951073
411,juegang,0,CN,1581917311,43,53.01,32.32,121.19,21.7,1581892624,1581932510
412,nuuk,90,GL,1581917312,66,12.2,64.18,-51.72,19.46,1581938270,1581969858
413,riyadh,89,SA,1581917041,18,64.4,24.69,46.72,6.93,1581909985,1581950894
414,onalaska,90,US,1581917312,50,28.4,43.88,-91.24,6.93,1581858199,1581896104
415,morozovsk,0,RU,1581917312,93,26.82,48.35,41.83,7.78,1581913077,1581950149
416,povenets,100,RU,1581917313,99,37.29,62.85,34.83,15.9,1581917190,1581949395
417,tukrah,9,LY,1581917313,74,53.82,32.53,20.58,17.38,1581916769,1581956656
418,mitchell,90,US,1581917276,92,30.2,43.71,-98.03,14.99,1581859810,1581897752
419,gilgit,0,PK,1581917313,53,14.63,35.92,74.31,4.12,1581904133,1581943502
420,davila,20,PH,1581917313,62,84.2,18.47,120.58,23.04,1581891899,1581933528
421,ca mau,21,VN,1581917313,43,93.02,9.18,105.15,17.81,1581895093,1581937740
422,walvis bay,90,NA,1581917314,93,63.0,-22.96,14.51,9.26,1581915087,1581961251
423,atambua,92,ID,1581917314,73,83.68,-9.11,124.89,6.02,1581889392,1581933966
424,caditaan,27,PH,1581917314,75,79.66,12.81,123.85,12.48,1581890801,1581933057
425,ust-nera,19,RU,1581917314,93,-24.75,64.57,143.2,1.92,1581891711,1581922859
426,tateyama,20,JP,1581917315,47,61.0,34.98,139.87,21.92,1581888339,1581927829
427,slantsy,100,RU,1581917315,80,48.15,59.12,28.09,23.11,1581917972,1581951848
428,chuy,39,UY,1581917315,80,76.42,-33.7,-53.46,7.76,1581930658,1581978305
429,kargat,100,RU,1581917316,92,19.11,55.2,80.28,13.02,1581904778,1581939992
430,takoradi,30,GH,1581917072,97,76.37,4.88,-1.76,2.82,1581920522,1581963625
431,taitung,90,TW,1581917316,72,60.8,22.76,121.14,5.82,1581892015,1581933143
432,kendari,83,ID,1581917316,63,87.89,-3.94,122.5,5.88,1581890242,1581934263
433,gwadar,37,PK,1581917317,42,72.28,25.12,62.33,10.69,1581906267,1581947119
434,dakar,100,SN,1581917293,83,73.4,14.69,-17.44,16.11,1581924803,1581966871
435,sobolevo,100,RU,1581917317,80,35.58,54.43,31.9,21.14,1581916253,1581951738
436,barbacoas,53,CO,1581917317,96,70.48,1.67,-78.14,1.52,1581938686,1581982122
437,los llanos de aridane,75,ES,1581917317,72,66.99,28.66,-17.92,10.29,1581925741,1581966164
438,severo-kurilsk,92,RU,1581917318,89,19.02,50.68,156.12,7.31,1581885963,1581922405
439,astoria,1,US,1581917318,86,45.0,46.19,-123.83,4.7,1581866250,1581903696
440,zacualtipan,31,MX,1581917318,85,53.51,20.65,-98.6,3.8,1581858242,1581899594
441,sabang,81,ID,1581917318,74,81.99,5.89,95.32,11.9,1581897279,1581940272
442,unai,86,BR,1581917318,95,68.76,-16.36,-46.91,2.64,1581930229,1581975590
443,paamiut,0,GL,1581917036,56,5.23,61.99,-49.67,11.34,1581937216,1581969927
444,vila velha,20,BR,1581917319,88,78.8,-20.33,-40.29,5.82,1581928406,1581974235
445,waingapu,23,ID,1581917319,69,85.26,-9.66,120.26,4.05,1581890473,1581935107
446,magistralnyy,93,RU,1581917319,82,20.19,56.17,107.45,3.09,1581898425,1581933304
447,poltavka,96,RU,1581917319,94,17.37,54.37,71.76,9.89,1581906692,1581942167
448,peniche,90,PT,1581917319,100,60.01,39.36,-9.38,8.05,1581924479,1581963327
449,margate,20,GB,1581917320,75,48.2,51.38,1.39,20.8,1581923139,1581959497
450,along,97,IN,1581917320,89,58.39,28.17,94.77,3.53,1581898679,1581939136
451,porlamar,1,VE,1581917320,88,77.0,10.96,-63.85,12.75,1581935739,1581978211
452,hofn,100,IS,1581917320,88,38.41,64.25,-15.21,27.31,1581929547,1581961056
453,baruun-urt,0,MN,1581917320,79,19.31,46.68,113.28,7.58,1581895763,1581933167
454,pouembout,23,NC,1581917320,56,82.13,-21.13,164.9,3.96,1581879095,1581925060
455,revelstoke,90,CA,1581917321,100,30.2,50.98,-118.2,1.25,1581865465,1581901778
456,opuwo,100,NA,1581917321,72,68.25,-18.06,13.84,4.43,1581915546,1581961114
457,vao,0,NC,1581917321,80,79.48,-22.67,167.48,17.76,1581878378,1581924537
458,desna,100,UA,1581917321,69,36.0,50.93,30.76,11.18,1581916042,1581952497
459,sangar,99,RU,1581917321,94,-11.65,63.92,127.47,5.93,1581895291,1581926829
460,seoul,75,KR,1581917260,53,26.6,37.57,126.98,6.93,1581891633,1581930722
461,quelimane,75,MZ,1581917322,94,78.8,-17.88,36.89,4.7,1581910023,1581955573
462,pirgos,75,GR,1581917322,66,55.4,35.12,25.72,17.22,1581915725,1581955233
463,srivardhan,0,IN,1581917322,38,86.5,18.03,73.02,8.61,1581903284,1581944970
464,bat yam,20,IL,1581917322,87,55.4,32.02,34.75,2.24,1581913335,1581953289
465,kungsbacka,75,SE,1581917323,86,44.01,57.49,12.08,20.8,1581921503,1581956002
466,matara,0,LK,1581917323,49,89.49,5.95,80.54,8.48,1581900829,1581943817
467,igrim,0,RU,1581917323,92,11.71,63.19,64.42,8.41,1581910192,1581942191
468,weihai,100,CN,1581917324,64,27.97,37.5,122.11,30.47,1581892795,1581931898
469,sokolskoye,100,RU,1581917324,89,34.02,57.14,43.16,21.45,1581913995,1581948592
470,hualmay,25,PE,1581917324,83,70.38,-11.1,-77.61,2.57,1581937891,1581982663
471,karasjok,90,NO,1581917324,92,28.4,69.47,25.51,11.41,1581921689,1581949370
472,westport,90,US,1581917045,82,41.0,41.14,-73.36,8.23,1581939972,1581978542
473,bandarbeyla,39,SO,1581917325,73,76.62,9.49,50.81,15.3,1581908149,1581950766
474,teguise,18,ES,1581917325,82,62.6,29.06,-13.56,10.29,1581924721,1581965090
475,businga,93,CD,1581917325,50,78.51,3.33,20.88,0.89,1581915009,1581958272
476,charagua,83,BO,1581917325,71,77.94,-19.8,-63.22,9.13,1581933943,1581979704
477,rjukan,81,NO,1581917325,99,41.0,59.88,8.59,8.99,1581922796,1581956384
478,udomlya,100,RU,1581917325,90,38.19,57.88,34.99,17.09,1581916084,1581950424
479,capao da canoa,40,BR,1581917326,88,76.55,-29.75,-50.01,26.57,1581930124,1581977182
480,nishihara,75,JP,1581917326,54,59.0,26.18,127.76,25.28,1581890638,1581931343
481,huarmey,97,PE,1581917326,77,72.03,-10.07,-78.15,2.51,1581938076,1581982737
482,teahupoo,20,PF,1581917326,66,84.2,-17.83,-149.27,3.36,1581868292,1581913864
483,starkville,1,US,1581917326,100,46.4,33.45,-88.82,4.16,1581856733,1581896408
484,laukaa,100,RU,1581917327,81,44.49,58.74,29.85,18.99,1581917476,1581951499
485,comodoro rivadavia,100,AR,1581917327,44,59.0,-45.87,-67.5,14.99,1581932885,1581982817
486,mayya,95,RU,1581917327,75,-13.0,61.73,130.28,2.24,1581894056,1581926715
487,xai-xai,0,MZ,1581917307,75,81.0,-25.05,33.64,3.24,1581910360,1581956797
488,sao domingos,100,BR,1581917328,94,71.15,-13.4,-46.32,4.21,1581930254,1581975282
489,zambezi,19,ZM,1581917328,86,69.55,-13.54,23.1,2.8,1581913582,1581958634
490,san quintin,100,MX,1581917328,40,43.0,30.48,-115.95,5.99,1581863028,1581903135
491,morgan city,90,US,1581917329,100,60.01,29.7,-91.21,5.82,1581857041,1581897248
492,muscat,0,OM,1581917102,73,71.6,23.61,58.59,3.36,1581907071,1581948109
493,necochea,0,AR,1581917164,90,64.99,-38.55,-58.74,1.99,1581931520,1581979977
494,fort nelson,90,CA,1581917329,69,-11.2,58.81,-122.7,3.36,1581867792,1581901612
495,coihaique,40,CL,1581917329,81,44.6,-45.58,-72.07,3.36,1581934016,1581983879
496,ponta delgada,20,PT,1581917330,76,53.6,37.73,-25.67,8.05,1581928251,1581967373
497,byron bay,41,AU,1581917330,70,89.6,-28.65,153.62,13.87,1581881305,1581928263
498,kloulklubed,75,PW,1581917044,66,86.0,7.04,134.26,13.87,1581887995,1581930866
499,tura,0,IN,1581917330,35,83.91,25.52,90.22,5.44,1581899601,1581940398
500,carauari,100,BR,1581917330,97,72.82,-4.88,-66.9,0.29,1581935650,1581979763
501,sawtell,75,AU,1581917330,100,82.4,-30.38,153.1,13.87,1581881305,1581928513
502,augusto correa,97,BR,1581917331,87,76.96,-1.02,-46.63,6.93,1581930986,1581974699
503,burgos,100,ES,1581917331,93,48.0,42.34,-3.71,19.46,1581923380,1581961704
504,gazanjyk,100,TM,1581917331,52,41.7,39.24,55.52,10.25,1581908906,1581947748
505,chifeng,0,CN,1581917332,41,27.21,42.27,118.96,20.92,1581893961,1581932243
506,sitka,75,US,1581917332,71,35.6,57.05,-135.33,5.82,1581870489,1581904976
507,tikamgarh,0,IN,1581917332,11,79.23,24.75,78.83,6.69,1581902286,1581943180
508,labuhan,100,ID,1581917332,91,76.6,-6.88,112.21,8.9,1581892555,1581936889
509,mount pleasant,90,US,1581917332,100,52.0,32.79,-79.86,4.7,1581940877,1581980758
510,matnog,62,PH,1581917332,77,80.47,12.59,124.09,19.26,1581890731,1581933011
511,oksovskiy,100,RU,1581917333,97,36.27,62.61,39.9,13.87,1581915916,1581948236
512,goundi,28,TD,1581917163,17,70.68,9.36,17.37,3.38,1581916166,1581958800
513,road town,90,VG,1581917316,78,78.01,18.42,-64.62,6.93,1581936328,1581977992
514,tanout,29,NE,1581917333,22,61.66,14.97,8.89,13.13,1581918501,1581960535
515,hirara,75,JP,1581917333,62,57.2,24.8,125.28,18.34,1581891146,1581932024
516,jalingo,0,NG,1581917335,15,71.4,8.88,11.37,6.31,1581917580,1581960265
517,paciran,100,ID,1581917336,87,80.15,-6.88,112.38,10.94,1581892515,1581936848
518,grojdibodu,20,RO,1581917336,92,26.6,43.75,24.27,2.24,1581916804,1581954850
519,kuchera,0,IN,1581917336,8,82.36,26.98,73.97,4.41,1581903591,1581944207
520,aksarka,100,RU,1581917338,96,3.54,66.56,67.8,11.59,1581910398,1581940363
521,fredonia,75,US,1581917338,80,33.01,42.44,-79.33,4.7,1581941520,1581979859
522,porto murtinho,68,BR,1581917338,71,82.63,-21.7,-57.88,5.84,1581932546,1581978538
523,pudozh,100,RU,1581917338,99,36.27,61.81,36.53,13.71,1581916529,1581949241
524,san mateo del mar,0,MX,1581917339,70,80.01,16.2,-95.0,28.39,1581857122,1581898986
525,hun,0,LY,1581917339,86,46.58,29.13,15.95,3.56,1581917648,1581958000
526,wagar,0,SD,1581917339,28,76.6,16.15,36.2,5.26,1581912013,1581953915
527,acarau,84,BR,1581917180,95,75.07,-2.89,-40.12,2.68,1581929327,1581973233
528,latacunga,75,EC,1581917339,93,48.2,-0.93,-78.62,6.93,1581938668,1581982371
529,batemans bay,95,AU,1581917340,79,72.0,-35.72,150.18,3.0,1581881587,1581929632
530,union,90,US,1581917340,74,39.99,40.63,-74.27,5.08,1581940146,1581978805
531,jiangyou,71,CN,1581917340,36,44.22,31.77,104.72,5.53,1581896536,1581936504
532,boa viagem,94,BR,1581917340,94,72.41,-5.13,-39.73,3.09,1581929116,1581973256
533,oranjestad,20,AW,1581917340,78,78.8,12.52,-70.03,18.34,1581937304,1581979612
534,ayr,75,GB,1581917340,87,43.0,55.46,-4.63,24.16,1581925166,1581960359
535,ust-kuyga,100,RU,1581917341,97,-3.26,70.02,135.6,1.86,1581895621,1581922596
536,malaryta,100,BY,1581917341,61,46.4,51.79,24.07,15.66,1581917757,1581953993
537,la macarena,24,CO,1581917341,57,75.69,2.18,-73.78,2.21,1581937666,1581981050
538,mandan,90,US,1581917215,85,24.01,46.83,-100.89,2.17,1581860820,1581898115
539,koumac,39,NC,1581917341,62,81.7,-20.57,164.28,3.94,1581879278,1581925174
540,sao bernardo,100,BR,1581917341,98,73.15,-3.36,-42.42,1.86,1581929854,1581973810
541,pallasovka,98,RU,1581917342,91,27.46,50.05,46.88,10.51,1581912068,1581948734
542,sydney,75,AU,1581917335,73,78.01,-33.87,151.21,8.05,1581881492,1581929233
543,tazovskiy,97,RU,1581917342,93,7.7,67.47,78.7,12.21,1581908120,1581937409
544,plainview,90,US,1581917087,74,41.0,40.78,-73.47,8.23,1581939967,1581978600
545,ohara,20,JP,1581917342,76,61.0,35.25,140.38,11.41,1581888238,1581927686
546,lookan,14,PH,1581917343,74,83.39,5.04,120.1,15.5,1581891288,1581934369
547,kandrian,100,PG,1581917343,63,87.06,-6.22,149.55,6.71,1581883628,1581927893
548,omboue,100,GA,1581917343,96,76.03,-1.57,9.26,2.08,1581917544,1581961314
549,tual,51,ID,1581917343,75,84.27,-5.67,132.75,12.97,1581887690,1581931895
550,nyurba,93,RU,1581917343,89,6.06,63.28,118.33,7.4,1581897306,1581929201
551,mugur-aksy,51,RU,1581917343,49,16.57,50.35,90.5,2.08,1581901650,1581938215
552,houma,90,US,1581917121,93,60.01,29.6,-90.72,4.7,1581856917,1581897137
553,port macquarie,75,AU,1581917344,88,75.2,-31.43,152.92,4.7,1581881270,1581928634
554,thiene,75,IT,1581917344,100,46.99,45.71,11.48,4.7,1581920066,1581957727
555,shimoda,20,JP,1581917344,47,57.2,34.67,138.95,21.92,1581888537,1581928073
556,rocha,33,UY,1581917306,78,74.48,-34.48,-54.33,9.78,1581930805,1581978575
557,normandin,5,CA,1581917345,65,8.01,48.83,-72.53,10.29,1581940545,1581977571
558,phulpur,0,IN,1581917345,39,73.15,25.55,82.1,6.91,1581901551,1581942346
559,alta floresta,53,BR,1581917345,96,71.31,-9.88,-56.09,2.53,1581932791,1581977434
560,roma,75,US,1581917345,80,30.99,43.21,-75.46,6.93,1581940664,1581978858
561,bilibino,31,RU,1581917345,100,-32.06,68.05,166.44,0.65,1581887350,1581916064
562,sarab,90,IR,1581917346,92,28.4,38.61,44.99,2.24,1581911379,1581950330
563,cidreira,40,BR,1581917346,88,76.55,-30.18,-50.21,26.57,1581930142,1581977261
564,snasa,83,NO,1581917346,72,18.3,64.25,12.38,8.46,1581922941,1581954420
565,singarayakonda,0,IN,1581917346,43,84.76,15.25,80.03,9.04,1581901448,1581943442
566,asfi,0,MA,1581917347,82,53.08,32.3,-9.24,10.36,1581923905,1581963833
567,melivoia,20,GR,1581917347,68,44.01,39.75,22.8,2.19,1581916795,1581955564
568,nador,90,MA,1581917347,100,53.6,35.17,-2.93,1.12,1581922600,1581962109
569,lalin,75,ES,1581917347,93,53.01,42.72,-8.12,4.7,1581924473,1581962728
570,guaraniacu,66,BR,1581917347,89,65.77,-25.1,-52.88,2.68,1581931130,1581977554
571,pueblo bello,87,CO,1581917347,97,73.02,8.2,-76.53,2.37,1581938637,1581981399
572,altay,100,CN,1581917348,53,15.89,47.87,88.12,1.52,1581901926,1581939081
573,plastun,100,RU,1581917348,68,18.93,44.76,136.29,22.59,1581890047,1581927840
574,shenjiamen,0,CN,1581917348,51,44.35,29.96,122.3,30.58,1581892195,1581932407
575,marihatag,19,PH,1581917348,78,81.36,8.79,126.3,14.29,1581889998,1581932684
576,berlevag,90,NO,1581917348,92,30.2,70.86,29.09,3.36,1581921538,1581947802
577,saint-joseph,22,RE,1581917349,58,82.4,-21.37,55.62,11.41,1581905316,1581951290
578,mancio lima,90,BR,1581917349,100,77.0,-7.61,-72.9,1.95,1581936947,1581981346
579,ayan,22,RU,1581917349,80,12.43,56.45,138.17,2.46,1581891111,1581925873
580,cairns,40,AU,1581917172,62,89.6,-16.92,145.77,11.41,1581883941,1581929395
581,buala,100,SB,1581917349,85,79.99,-8.14,159.59,12.41,1581881115,1581925587
582,broome,1,US,1581917350,86,30.0,42.25,-75.83,5.82,1581940664,1581979036
583,kabinda,98,CD,1581917350,93,70.86,-6.13,24.48,4.45,1581913652,1581957901
584,dingle,65,PH,1581917350,71,81.95,11.0,122.67,13.65,1581890986,1581933437
585,leczna,100,PL,1581917350,65,44.6,51.3,22.88,21.92,1581917978,1581954343
586,yerbogachen,100,RU,1581917350,91,7.99,61.28,108.01,8.1,1581899285,1581932175
587,linguere,100,SN,1581917351,14,76.24,15.4,-15.12,10.63,1581924285,1581966276
588,svetlaya,100,RU,1581917351,91,18.0,46.54,138.33,34.31,1581889743,1581927164
